JobID,Job Title,Company,Location,Industry,Role Category,Job Type,Work Mode,Min Experience,Required Education,Salary Range,Required Skills,Description,Posted Date,Urgency
1,Business Analyst,Mcdonald-Nelson,"Los Angeles, CA",Finance,AI/ML,Full-time,Hybrid,2,PhD,$60k-$80k,"Tableau, TensorFlow, PyTorch, Scikit-learn, Google Analytics, Power BI, Excel, Business Strategy","Mcdonald-Nelson is hiring a Business Analyst in Los Angeles, CA to work in Finance. Candidates should be skilled in Tableau, TensorFlow, PyTorch, Scikit-learn, Google Analytics, Power BI, Excel, Business Strategy with at least 2 years of experience. This is a Full-time position.",2025-01-18,Within 30 Days
2,Data Engineer,"Williams, Henderson and Williams","Atlanta, GA",Retail,AI/ML,Part-time,Hybrid,0,Master's,$70k-$90k,"Machine Learning, Scikit-learn, Statistics, Python, NLP","Williams, Henderson and Williams is hiring a Data Engineer in Atlanta, GA to work in Retail. Candidates should be skilled in Machine Learning, Scikit-learn, Statistics, Python, NLP with at least 0 years of experience. This is a Part-time position.",2025-02-11,Rolling
3,Marketing Analyst,"Elliott, Jackson and Rodriguez","Boston, MA",Healthcare,Finance,Full-time,Hybrid,0,Bachelor's,$80k-$100k,"Python, Business Strategy, Stakeholder Communication, Excel, TensorFlow, Power BI, Statistics","Elliott, Jackson and Rodriguez is hiring a Marketing Analyst in Boston, MA to work in Healthcare. Candidates should be skilled in Python, Business Strategy, Stakeholder Communication, Excel, TensorFlow, Power BI, Statistics with at least 0 years of experience. This is a Full-time position.",2024-11-08,Within 30 Days
4,AI Engineer,"Maldonado, Anderson and Tanner","San Francisco, CA",Consulting,AI/ML,Contract,On-site,3,PhD,$80k-$100k,"Power BI, NLP, PyTorch, SQL, Tableau","Maldonado, Anderson and Tanner is hiring a AI Engineer in San Francisco, CA to work in Consulting. Candidates should be skilled in Power BI, NLP, PyTorch, SQL, Tableau with at least 3 years of experience. This is a Contract position.",2024-11-16,Rolling
5,HR Analytics Specialist,"Bauer, Thomas and Harrison","Seattle, WA",Finance,Finance,Internship,Remote,0,Bachelor's,$100k-$150k,"Business Strategy, Tableau, Deep Learning, Stakeholder Communication, Excel, Statistics, Python, TensorFlow, Google Analytics","Bauer, Thomas and Harrison is hiring a HR Analytics Specialist in Seattle, WA to work in Finance. Candidates should be skilled in Business Strategy, Tableau, Deep Learning, Stakeholder Communication, Excel, Statistics, Python, TensorFlow, Google Analytics with at least 0 years of experience. This is a Internship position.",2025-02-13,Within 30 Days
6,HR Analytics Specialist,Alexander and Sons,"Los Angeles, CA",Finance,Data,Full-time,Hybrid,4,PhD,$60k-$80k,"Deep Learning, Statistics, Power BI, Excel, NLP, Tableau","Alexander and Sons is hiring a HR Analytics Specialist in Los Angeles, CA to work in Finance. Candidates should be skilled in Deep Learning, Statistics, Power BI, Excel, NLP, Tableau with at least 4 years of experience. This is a Full-time position.",2024-10-29,Rolling
7,Operations Analyst,"Elliott, Jackson and Rodriguez","Seattle, WA",Consulting,Data,Part-time,Remote,0,PhD,$80k-$100k,"PyTorch, Statistics, Power BI, Stakeholder Communication, Python, Deep Learning, Scikit-learn, Business Strategy","Elliott, Jackson and Rodriguez is hiring a Operations Analyst in Seattle, WA to work in Consulting. Candidates should be skilled in PyTorch, Statistics, Power BI, Stakeholder Communication, Python, Deep Learning, Scikit-learn, Business Strategy with at least 0 years of experience. This is a Part-time position.",2024-12-01,Immediate
8,Business Analyst,"Maldonado, Anderson and Tanner","New York, NY",Consulting,Engineering,Part-time,Hybrid,4,PhD,$70k-$90k,"Machine Learning, TensorFlow, Python, Excel, Statistics","Maldonado, Anderson and Tanner is hiring a Business Analyst in New York, NY to work in Consulting. Candidates should be skilled in Machine Learning, TensorFlow, Python, Excel, Statistics with at least 4 years of experience. This is a Part-time position.",2024-11-06,Future Hiring
9,HR Analytics Specialist,"Hanson, Allen and Dougherty","Houston, TX",Technology,Engineering,Part-time,On-site,4,Bachelor's,$80k-$100k,"Google Analytics, TensorFlow, SQL, Statistics, PyTorch, Excel, Scikit-learn","Hanson, Allen and Dougherty is hiring a HR Analytics Specialist in Houston, TX to work in Technology. Candidates should be skilled in Google Analytics, TensorFlow, SQL, Statistics, PyTorch, Excel, Scikit-learn with at least 4 years of experience. This is a Part-time position.",2024-12-20,Within 30 Days
10,Data Analyst,Woodward LLC,"Denver, CO",Healthcare,AI/ML,Internship,Hybrid,4,Master's,$90k-$120k,"Statistics, Python, Google Analytics, Power BI, Tableau, NLP, Deep Learning","Woodward LLC is hiring a Data Analyst in Denver, CO to work in Healthcare. Candidates should be skilled in Statistics, Python, Google Analytics, Power BI, Tableau, NLP, Deep Learning with at least 4 years of experience. This is a Internship position.",2024-11-11,Within 30 Days
11,Quantitative Analyst,Brown Group,"Los Angeles, CA",Retail,BI,Full-time,Hybrid,1,Bachelor's,$100k-$150k,"Stakeholder Communication, Statistics, Google Analytics, Python, NLP","Brown Group is hiring a Quantitative Analyst in Los Angeles, CA to work in Retail. Candidates should be skilled in Stakeholder Communication, Statistics, Google Analytics, Python, NLP with at least 1 years of experience. This is a Full-time position.",2025-01-15,Immediate
12,Data Engineer,Ward PLC,"Chicago, IL",Finance,Operations,Internship,Hybrid,3,PhD,$80k-$100k,"Excel, Tableau, Stakeholder Communication, Machine Learning, Statistics, SQL, Python","Ward PLC is hiring a Data Engineer in Chicago, IL to work in Finance. Candidates should be skilled in Excel, Tableau, Stakeholder Communication, Machine Learning, Statistics, SQL, Python with at least 3 years of experience. This is a Internship position.",2025-02-12,Future Hiring
13,Risk Analyst,"Jensen, Bennett and Bean","Seattle, WA",Healthcare,AI/ML,Part-time,Remote,3,Bachelor's,$100k-$150k,"Power BI, TensorFlow, Excel, Tableau, SQL, Machine Learning, Stakeholder Communication, Deep Learning, Scikit-learn","Jensen, Bennett and Bean is hiring a Risk Analyst in Seattle, WA to work in Healthcare. Candidates should be skilled in Power BI, TensorFlow, Excel, Tableau, SQL, Machine Learning, Stakeholder Communication, Deep Learning, Scikit-learn with at least 3 years of experience. This is a Part-time position.",2024-11-02,Within 30 Days
14,Business Analyst,Henderson-Anderson,"Seattle, WA",Consulting,Data,Contract,Remote,1,Bachelor's,$100k-$150k,"SQL, Excel, Statistics, Tableau, Stakeholder Communication, TensorFlow, PyTorch, Machine Learning, Business Strategy","Henderson-Anderson is hiring a Business Analyst in Seattle, WA to work in Consulting. Candidates should be skilled in SQL, Excel, Statistics, Tableau, Stakeholder Communication, TensorFlow, PyTorch, Machine Learning, Business Strategy with at least 1 years of experience. This is a Contract position.",2024-10-26,Within 30 Days
15,Data Engineer,Miller-Madden,"Austin, TX",Retail,Data,Full-time,Hybrid,1,Master's,$80k-$100k,"Deep Learning, Machine Learning, PyTorch, TensorFlow, Google Analytics","Miller-Madden is hiring a Data Engineer in Austin, TX to work in Retail. Candidates should be skilled in Deep Learning, Machine Learning, PyTorch, TensorFlow, Google Analytics with at least 1 years of experience. This is a Full-time position.",2025-02-12,Future Hiring
16,Product Analyst,Henderson-Anderson,"Austin, TX",Consulting,AI/ML,Full-time,Remote,0,Bachelor's,$70k-$90k,"Business Strategy, Tableau, PyTorch, NLP, Google Analytics, SQL, Stakeholder Communication, Machine Learning, Scikit-learn","Henderson-Anderson is hiring a Product Analyst in Austin, TX to work in Consulting. Candidates should be skilled in Business Strategy, Tableau, PyTorch, NLP, Google Analytics, SQL, Stakeholder Communication, Machine Learning, Scikit-learn with at least 0 years of experience. This is a Full-time position.",2025-01-31,Rolling
17,Data Analyst,Sawyer LLC,"Los Angeles, CA",Finance,BI,Part-time,Hybrid,4,PhD,$70k-$90k,"NLP, Google Analytics, Business Strategy, PyTorch, Power BI, Stakeholder Communication","Sawyer LLC is hiring a Data Analyst in Los Angeles, CA to work in Finance. Candidates should be skilled in NLP, Google Analytics, Business Strategy, PyTorch, Power BI, Stakeholder Communication with at least 4 years of experience. This is a Part-time position.",2024-11-23,Future Hiring
18,BI Analyst,Erickson LLC,"Austin, TX",Retail,Finance,Contract,Remote,2,Bachelor's,$70k-$90k,"Python, Stakeholder Communication, SQL, Power BI, Machine Learning, Business Strategy, Google Analytics, Scikit-learn","Erickson LLC is hiring a BI Analyst in Austin, TX to work in Retail. Candidates should be skilled in Python, Stakeholder Communication, SQL, Power BI, Machine Learning, Business Strategy, Google Analytics, Scikit-learn with at least 2 years of experience. This is a Contract position.",2025-02-18,Immediate
19,Financial Analyst,"Elliott, Jackson and Rodriguez","Boston, MA",Technology,Finance,Part-time,Hybrid,2,Bachelor's,$90k-$120k,"NLP, Excel, Tableau, Google Analytics, PyTorch, Deep Learning, Stakeholder Communication, Scikit-learn, Python","Elliott, Jackson and Rodriguez is hiring a Financial Analyst in Boston, MA to work in Technology. Candidates should be skilled in NLP, Excel, Tableau, Google Analytics, PyTorch, Deep Learning, Stakeholder Communication, Scikit-learn, Python with at least 2 years of experience. This is a Part-time position.",2024-12-11,Within 30 Days
20,HR Analytics Specialist,Brown Group,"Boston, MA",Technology,BI,Full-time,Hybrid,2,Bachelor's,$90k-$120k,"PyTorch, Machine Learning, SQL, Business Strategy, Stakeholder Communication, Scikit-learn, Python, Statistics, Tableau","Brown Group is hiring a HR Analytics Specialist in Boston, MA to work in Technology. Candidates should be skilled in PyTorch, Machine Learning, SQL, Business Strategy, Stakeholder Communication, Scikit-learn, Python, Statistics, Tableau with at least 2 years of experience. This is a Full-time position.",2025-02-14,Rolling
21,Financial Analyst,Palmer Group,"New York, NY",Healthcare,Data,Contract,On-site,1,Bachelor's,$80k-$100k,"Tableau, NLP, PyTorch, Machine Learning, Power BI","Palmer Group is hiring a Financial Analyst in New York, NY to work in Healthcare. Candidates should be skilled in Tableau, NLP, PyTorch, Machine Learning, Power BI with at least 1 years of experience. This is a Contract position.",2024-12-15,Rolling
22,Cybersecurity Analyst,Grant Ltd,"San Francisco, CA",Retail,Operations,Contract,Remote,1,PhD,$100k-$150k,"Scikit-learn, TensorFlow, Google Analytics, Power BI, Statistics, SQL","Grant Ltd is hiring a Cybersecurity Analyst in San Francisco, CA to work in Retail. Candidates should be skilled in Scikit-learn, TensorFlow, Google Analytics, Power BI, Statistics, SQL with at least 1 years of experience. This is a Contract position.",2024-11-03,Within 30 Days
23,Risk Analyst,Mason LLC,"Austin, TX",Consulting,Data,Full-time,On-site,5,PhD,$90k-$120k,"Business Strategy, Scikit-learn, NLP, Machine Learning, Statistics, TensorFlow, PyTorch","Mason LLC is hiring a Risk Analyst in Austin, TX to work in Consulting. Candidates should be skilled in Business Strategy, Scikit-learn, NLP, Machine Learning, Statistics, TensorFlow, PyTorch with at least 5 years of experience. This is a Full-time position.",2024-11-10,Within 30 Days
24,Healthcare Data Analyst,"Maldonado, Anderson and Tanner","Seattle, WA",Retail,Data,Part-time,Hybrid,0,PhD,$100k-$150k,"NLP, Deep Learning, Google Analytics, Tableau, Machine Learning, TensorFlow, Stakeholder Communication, Scikit-learn","Maldonado, Anderson and Tanner is hiring a Healthcare Data Analyst in Seattle, WA to work in Retail. Candidates should be skilled in NLP, Deep Learning, Google Analytics, Tableau, Machine Learning, TensorFlow, Stakeholder Communication, Scikit-learn with at least 0 years of experience. This is a Part-time position.",2024-11-27,Immediate
25,Marketing Analyst,Pearson Inc,"New York, NY",Retail,Finance,Part-time,On-site,0,Bachelor's,$100k-$150k,"Business Strategy, PyTorch, SQL, Power BI, Deep Learning, Machine Learning, NLP, Scikit-learn","Pearson Inc is hiring a Marketing Analyst in New York, NY to work in Retail. Candidates should be skilled in Business Strategy, PyTorch, SQL, Power BI, Deep Learning, Machine Learning, NLP, Scikit-learn with at least 0 years of experience. This is a Part-time position.",2025-03-02,Within 30 Days
26,Healthcare Data Analyst,"Rogers, Thomas and Ward","San Francisco, CA",Consulting,Finance,Internship,Hybrid,3,Bachelor's,$100k-$150k,"Google Analytics, Business Strategy, Scikit-learn, PyTorch, Power BI","Rogers, Thomas and Ward is hiring a Healthcare Data Analyst in San Francisco, CA to work in Consulting. Candidates should be skilled in Google Analytics, Business Strategy, Scikit-learn, PyTorch, Power BI with at least 3 years of experience. This is a Internship position.",2024-11-20,Within 30 Days
27,Risk Analyst,Romero PLC,"Boston, MA",Healthcare,Engineering,Full-time,On-site,3,Bachelor's,$100k-$150k,"Python, Deep Learning, Excel, Statistics, SQL","Romero PLC is hiring a Risk Analyst in Boston, MA to work in Healthcare. Candidates should be skilled in Python, Deep Learning, Excel, Statistics, SQL with at least 3 years of experience. This is a Full-time position.",2025-01-05,Within 30 Days
28,Cybersecurity Analyst,Ford Group,"Houston, TX",Technology,Operations,Contract,On-site,4,Master's,$90k-$120k,"TensorFlow, Machine Learning, Statistics, Python, Business Strategy, Excel, Stakeholder Communication","Ford Group is hiring a Cybersecurity Analyst in Houston, TX to work in Technology. Candidates should be skilled in TensorFlow, Machine Learning, Statistics, Python, Business Strategy, Excel, Stakeholder Communication with at least 4 years of experience. This is a Contract position.",2025-02-02,Rolling
29,Healthcare Data Analyst,Flynn-Richardson,"Los Angeles, CA",Technology,Engineering,Full-time,Remote,4,PhD,$100k-$150k,"Scikit-learn, NLP, Google Analytics, PyTorch, Business Strategy, Tableau, SQL, Excel","Flynn-Richardson is hiring a Healthcare Data Analyst in Los Angeles, CA to work in Technology. Candidates should be skilled in Scikit-learn, NLP, Google Analytics, PyTorch, Business Strategy, Tableau, SQL, Excel with at least 4 years of experience. This is a Full-time position.",2025-02-25,Future Hiring
30,Data Engineer,Flynn-Richardson,"Chicago, IL",Healthcare,Operations,Full-time,On-site,0,Bachelor's,$90k-$120k,"Business Strategy, Tableau, Stakeholder Communication, Statistics, Deep Learning, Machine Learning, SQL, PyTorch, Python","Flynn-Richardson is hiring a Data Engineer in Chicago, IL to work in Healthcare. Candidates should be skilled in Business Strategy, Tableau, Stakeholder Communication, Statistics, Deep Learning, Machine Learning, SQL, PyTorch, Python with at least 0 years of experience. This is a Full-time position.",2024-10-31,Within 30 Days
31,BI Analyst,Dixon Ltd,"Seattle, WA",Healthcare,Finance,Internship,On-site,5,PhD,$90k-$120k,"Deep Learning, Scikit-learn, NLP, Statistics, Stakeholder Communication","Dixon Ltd is hiring a BI Analyst in Seattle, WA to work in Healthcare. Candidates should be skilled in Deep Learning, Scikit-learn, NLP, Statistics, Stakeholder Communication with at least 5 years of experience. This is a Internship position.",2025-03-19,Within 30 Days
32,Cybersecurity Analyst,Alexander and Sons,"Los Angeles, CA",Consulting,AI/ML,Full-time,On-site,2,Master's,$80k-$100k,"Tableau, SQL, PyTorch, Python, Excel, Machine Learning, Power BI","Alexander and Sons is hiring a Cybersecurity Analyst in Los Angeles, CA to work in Consulting. Candidates should be skilled in Tableau, SQL, PyTorch, Python, Excel, Machine Learning, Power BI with at least 2 years of experience. This is a Full-time position.",2024-11-22,Within 30 Days
33,AI Engineer,Parker-Brown,"San Francisco, CA",Retail,Finance,Contract,On-site,4,Bachelor's,$70k-$90k,"TensorFlow, SQL, Tableau, Excel, Google Analytics, Power BI, Business Strategy, NLP","Parker-Brown is hiring a AI Engineer in San Francisco, CA to work in Retail. Candidates should be skilled in TensorFlow, SQL, Tableau, Excel, Google Analytics, Power BI, Business Strategy, NLP with at least 4 years of experience. This is a Contract position.",2025-03-06,Future Hiring
34,Product Analyst,Parker-Brown,"New York, NY",Healthcare,Engineering,Part-time,Remote,1,Master's,$80k-$100k,"SQL, Machine Learning, Google Analytics, PyTorch, Business Strategy, Tableau, Statistics, Deep Learning","Parker-Brown is hiring a Product Analyst in New York, NY to work in Healthcare. Candidates should be skilled in SQL, Machine Learning, Google Analytics, PyTorch, Business Strategy, Tableau, Statistics, Deep Learning with at least 1 years of experience. This is a Part-time position.",2024-10-26,Future Hiring
35,Data Analyst,"Elliott, Jackson and Rodriguez","New York, NY",Retail,Finance,Part-time,Hybrid,2,Bachelor's,$100k-$150k,"NLP, Business Strategy, SQL, Google Analytics, Power BI","Elliott, Jackson and Rodriguez is hiring a Data Analyst in New York, NY to work in Retail. Candidates should be skilled in NLP, Business Strategy, SQL, Google Analytics, Power BI with at least 2 years of experience. This is a Part-time position.",2025-01-07,Rolling
36,HR Analytics Specialist,Duran-Hart,"Los Angeles, CA",Healthcare,Finance,Contract,Hybrid,5,PhD,$90k-$120k,"SQL, Machine Learning, NLP, Deep Learning, TensorFlow, PyTorch, Scikit-learn, Tableau, Python","Duran-Hart is hiring a HR Analytics Specialist in Los Angeles, CA to work in Healthcare. Candidates should be skilled in SQL, Machine Learning, NLP, Deep Learning, TensorFlow, PyTorch, Scikit-learn, Tableau, Python with at least 5 years of experience. This is a Contract position.",2024-11-24,Immediate
37,Operations Analyst,"Bauer, Thomas and Harrison","Austin, TX",Consulting,BI,Full-time,Hybrid,3,Master's,$70k-$90k,"Machine Learning, TensorFlow, Tableau, Excel, NLP, PyTorch, Power BI, Scikit-learn, Deep Learning","Bauer, Thomas and Harrison is hiring a Operations Analyst in Austin, TX to work in Consulting. Candidates should be skilled in Machine Learning, TensorFlow, Tableau, Excel, NLP, PyTorch, Power BI, Scikit-learn, Deep Learning with at least 3 years of experience. This is a Full-time position.",2025-03-17,Rolling
38,Business Analyst,Ford Group,"Seattle, WA",Finance,Engineering,Full-time,Hybrid,0,Master's,$90k-$120k,"Scikit-learn, Business Strategy, SQL, Google Analytics, Tableau, Python, Machine Learning","Ford Group is hiring a Business Analyst in Seattle, WA to work in Finance. Candidates should be skilled in Scikit-learn, Business Strategy, SQL, Google Analytics, Tableau, Python, Machine Learning with at least 0 years of experience. This is a Full-time position.",2025-02-13,Rolling
39,Business Analyst,Ward PLC,"Austin, TX",Consulting,BI,Part-time,Hybrid,3,Bachelor's,$60k-$80k,"Python, TensorFlow, Stakeholder Communication, Business Strategy, Power BI, Machine Learning, Tableau, SQL","Ward PLC is hiring a Business Analyst in Austin, TX to work in Consulting. Candidates should be skilled in Python, TensorFlow, Stakeholder Communication, Business Strategy, Power BI, Machine Learning, Tableau, SQL with at least 3 years of experience. This is a Part-time position.",2024-12-12,Future Hiring
40,Business Analyst,Hanson Group,"Chicago, IL",Consulting,Data,Contract,Remote,5,Bachelor's,$100k-$150k,"Machine Learning, Stakeholder Communication, Power BI, TensorFlow, NLP","Hanson Group is hiring a Business Analyst in Chicago, IL to work in Consulting. Candidates should be skilled in Machine Learning, Stakeholder Communication, Power BI, TensorFlow, NLP with at least 5 years of experience. This is a Contract position.",2025-01-08,Within 30 Days
41,Business Analyst,Mcdonald-Nelson,"Boston, MA",Retail,Operations,Full-time,Hybrid,1,PhD,$70k-$90k,"TensorFlow, Google Analytics, Tableau, Business Strategy, Excel, Scikit-learn, NLP, Python, Machine Learning","Mcdonald-Nelson is hiring a Business Analyst in Boston, MA to work in Retail. Candidates should be skilled in TensorFlow, Google Analytics, Tableau, Business Strategy, Excel, Scikit-learn, NLP, Python, Machine Learning with at least 1 years of experience. This is a Full-time position.",2024-11-07,Future Hiring
42,ML Analyst,Murphy-Montgomery,"Chicago, IL",Finance,Data,Contract,On-site,2,Master's,$90k-$120k,"PyTorch, Stakeholder Communication, Python, NLP, Business Strategy, Scikit-learn","Murphy-Montgomery is hiring a ML Analyst in Chicago, IL to work in Finance. Candidates should be skilled in PyTorch, Stakeholder Communication, Python, NLP, Business Strategy, Scikit-learn with at least 2 years of experience. This is a Contract position.",2025-01-04,Within 30 Days
43,Financial Analyst,"Ingram, Ware and Foley","Houston, TX",Consulting,Data,Part-time,On-site,2,Bachelor's,$80k-$100k,"Statistics, Scikit-learn, PyTorch, Business Strategy, Excel","Ingram, Ware and Foley is hiring a Financial Analyst in Houston, TX to work in Consulting. Candidates should be skilled in Statistics, Scikit-learn, PyTorch, Business Strategy, Excel with at least 2 years of experience. This is a Part-time position.",2025-01-28,Future Hiring
44,ML Analyst,Dixon Ltd,"Boston, MA",Consulting,Data,Part-time,Hybrid,4,PhD,$80k-$100k,"TensorFlow, NLP, SQL, Tableau, Business Strategy, Machine Learning, Deep Learning, Excel","Dixon Ltd is hiring a ML Analyst in Boston, MA to work in Consulting. Candidates should be skilled in TensorFlow, NLP, SQL, Tableau, Business Strategy, Machine Learning, Deep Learning, Excel with at least 4 years of experience. This is a Part-time position.",2025-01-02,Within 30 Days
45,Operations Analyst,Henderson-Anderson,"Denver, CO",Consulting,Engineering,Full-time,Hybrid,3,PhD,$80k-$100k,"NLP, Power BI, Tableau, Stakeholder Communication, Excel, Business Strategy, Deep Learning","Henderson-Anderson is hiring a Operations Analyst in Denver, CO to work in Consulting. Candidates should be skilled in NLP, Power BI, Tableau, Stakeholder Communication, Excel, Business Strategy, Deep Learning with at least 3 years of experience. This is a Full-time position.",2025-01-25,Immediate
46,Healthcare Data Analyst,Mason LLC,"Houston, TX",Technology,Engineering,Internship,On-site,5,Master's,$100k-$150k,"Tableau, Stakeholder Communication, Power BI, Excel, Business Strategy, Python, NLP, Deep Learning, Google Analytics","Mason LLC is hiring a Healthcare Data Analyst in Houston, TX to work in Technology. Candidates should be skilled in Tableau, Stakeholder Communication, Power BI, Excel, Business Strategy, Python, NLP, Deep Learning, Google Analytics with at least 5 years of experience. This is a Internship position.",2025-01-20,Immediate
47,BI Analyst,Martinez-Pena,"Chicago, IL",Technology,Finance,Part-time,Hybrid,2,PhD,$90k-$120k,"Statistics, NLP, PyTorch, TensorFlow, SQL, Machine Learning, Excel, Google Analytics","Martinez-Pena is hiring a BI Analyst in Chicago, IL to work in Technology. Candidates should be skilled in Statistics, NLP, PyTorch, TensorFlow, SQL, Machine Learning, Excel, Google Analytics with at least 2 years of experience. This is a Part-time position.",2025-02-07,Future Hiring
48,Data Scientist,Pearson Inc,"Houston, TX",Finance,Operations,Part-time,Remote,1,PhD,$70k-$90k,"Scikit-learn, Python, NLP, PyTorch, Machine Learning, Excel, Google Analytics, Statistics, Tableau","Pearson Inc is hiring a Data Scientist in Houston, TX to work in Finance. Candidates should be skilled in Scikit-learn, Python, NLP, PyTorch, Machine Learning, Excel, Google Analytics, Statistics, Tableau with at least 1 years of experience. This is a Part-time position.",2024-12-14,Within 30 Days
49,Financial Analyst,"Bauer, Thomas and Harrison","Chicago, IL",Consulting,Data,Part-time,Remote,4,Master's,$80k-$100k,"Business Strategy, PyTorch, NLP, Scikit-learn, Google Analytics, TensorFlow, SQL, Deep Learning","Bauer, Thomas and Harrison is hiring a Financial Analyst in Chicago, IL to work in Consulting. Candidates should be skilled in Business Strategy, PyTorch, NLP, Scikit-learn, Google Analytics, TensorFlow, SQL, Deep Learning with at least 4 years of experience. This is a Part-time position.",2024-12-26,Future Hiring
50,Marketing Analyst,Phillips Inc,"Boston, MA",Technology,Data,Full-time,Remote,3,Bachelor's,$100k-$150k,"Google Analytics, Power BI, PyTorch, Statistics, Tableau, Machine Learning, TensorFlow, Business Strategy","Phillips Inc is hiring a Marketing Analyst in Boston, MA to work in Technology. Candidates should be skilled in Google Analytics, Power BI, PyTorch, Statistics, Tableau, Machine Learning, TensorFlow, Business Strategy with at least 3 years of experience. This is a Full-time position.",2025-03-12,Rolling
51,HR Analytics Specialist,Henderson-Anderson,"Austin, TX",Consulting,Engineering,Contract,Hybrid,0,PhD,$100k-$150k,"Machine Learning, TensorFlow, Stakeholder Communication, SQL, Tableau, Python","Henderson-Anderson is hiring a HR Analytics Specialist in Austin, TX to work in Consulting. Candidates should be skilled in Machine Learning, TensorFlow, Stakeholder Communication, SQL, Tableau, Python with at least 0 years of experience. This is a Contract position.",2025-01-29,Within 30 Days
52,Marketing Analyst,Martinez PLC,"Los Angeles, CA",Consulting,Engineering,Internship,Remote,4,PhD,$100k-$150k,"Stakeholder Communication, Statistics, Machine Learning, Excel, SQL, Tableau, TensorFlow, Google Analytics, Business Strategy","Martinez PLC is hiring a Marketing Analyst in Los Angeles, CA to work in Consulting. Candidates should be skilled in Stakeholder Communication, Statistics, Machine Learning, Excel, SQL, Tableau, TensorFlow, Google Analytics, Business Strategy with at least 4 years of experience. This is a Internship position.",2024-11-26,Within 30 Days
53,ML Analyst,Henderson-Anderson,"Los Angeles, CA",Finance,BI,Full-time,Remote,5,Bachelor's,$70k-$90k,"Business Strategy, TensorFlow, SQL, Deep Learning, Machine Learning, Scikit-learn, Excel, Statistics","Henderson-Anderson is hiring a ML Analyst in Los Angeles, CA to work in Finance. Candidates should be skilled in Business Strategy, TensorFlow, SQL, Deep Learning, Machine Learning, Scikit-learn, Excel, Statistics with at least 5 years of experience. This is a Full-time position.",2025-03-21,Future Hiring
54,HR Analytics Specialist,Henderson-Anderson,"Austin, TX",Retail,BI,Full-time,On-site,2,Bachelor's,$70k-$90k,"Machine Learning, Excel, SQL, TensorFlow, Power BI, Statistics","Henderson-Anderson is hiring a HR Analytics Specialist in Austin, TX to work in Retail. Candidates should be skilled in Machine Learning, Excel, SQL, TensorFlow, Power BI, Statistics with at least 2 years of experience. This is a Full-time position.",2024-10-28,Future Hiring
55,HR Analytics Specialist,Stanley-Kelley,"Boston, MA",Retail,Data,Full-time,Hybrid,0,PhD,$70k-$90k,"NLP, Machine Learning, PyTorch, Tableau, Google Analytics","Stanley-Kelley is hiring a HR Analytics Specialist in Boston, MA to work in Retail. Candidates should be skilled in NLP, Machine Learning, PyTorch, Tableau, Google Analytics with at least 0 years of experience. This is a Full-time position.",2024-11-28,Immediate
56,Data Engineer,"Rogers, Thomas and Ward","Houston, TX",Technology,Data,Contract,Hybrid,0,Master's,$70k-$90k,"Python, SQL, NLP, Power BI, Google Analytics, Business Strategy, Deep Learning","Rogers, Thomas and Ward is hiring a Data Engineer in Houston, TX to work in Technology. Candidates should be skilled in Python, SQL, NLP, Power BI, Google Analytics, Business Strategy, Deep Learning with at least 0 years of experience. This is a Contract position.",2025-03-03,Immediate
57,Data Engineer,Mcdonald-Nelson,"Chicago, IL",Finance,Data,Full-time,Remote,4,Master's,$90k-$120k,"Scikit-learn, Machine Learning, Excel, Statistics, NLP, PyTorch","Mcdonald-Nelson is hiring a Data Engineer in Chicago, IL to work in Finance. Candidates should be skilled in Scikit-learn, Machine Learning, Excel, Statistics, NLP, PyTorch with at least 4 years of experience. This is a Full-time position.",2024-11-15,Immediate
58,Data Engineer,Duran-Hart,"New York, NY",Technology,Finance,Part-time,Remote,0,PhD,$90k-$120k,"Machine Learning, Tableau, Statistics, PyTorch, Power BI, NLP, Google Analytics, Deep Learning","Duran-Hart is hiring a Data Engineer in New York, NY to work in Technology. Candidates should be skilled in Machine Learning, Tableau, Statistics, PyTorch, Power BI, NLP, Google Analytics, Deep Learning with at least 0 years of experience. This is a Part-time position.",2025-02-09,Rolling
59,Data Engineer,"Hanson, Allen and Dougherty","Austin, TX",Retail,Finance,Contract,On-site,1,Master's,$80k-$100k,"TensorFlow, PyTorch, Statistics, Google Analytics, Python, Machine Learning, SQL","Hanson, Allen and Dougherty is hiring a Data Engineer in Austin, TX to work in Retail. Candidates should be skilled in TensorFlow, PyTorch, Statistics, Google Analytics, Python, Machine Learning, SQL with at least 1 years of experience. This is a Contract position.",2025-02-21,Immediate
60,Healthcare Data Analyst,"Rogers, Thomas and Ward","Denver, CO",Healthcare,Operations,Contract,Remote,2,Master's,$60k-$80k,"Statistics, Machine Learning, Google Analytics, Power BI, Tableau, SQL, PyTorch","Rogers, Thomas and Ward is hiring a Healthcare Data Analyst in Denver, CO to work in Healthcare. Candidates should be skilled in Statistics, Machine Learning, Google Analytics, Power BI, Tableau, SQL, PyTorch with at least 2 years of experience. This is a Contract position.",2024-11-26,Future Hiring
61,Risk Analyst,Phillips Inc,"Houston, TX",Retail,Finance,Full-time,Remote,0,Master's,$90k-$120k,"Power BI, Python, TensorFlow, Excel, Deep Learning","Phillips Inc is hiring a Risk Analyst in Houston, TX to work in Retail. Candidates should be skilled in Power BI, Python, TensorFlow, Excel, Deep Learning with at least 0 years of experience. This is a Full-time position.",2025-01-17,Rolling
62,HR Analytics Specialist,"Hanson, Allen and Dougherty","Houston, TX",Healthcare,Finance,Internship,Hybrid,1,PhD,$100k-$150k,"Machine Learning, PyTorch, Business Strategy, TensorFlow, Power BI, Tableau, NLP, Deep Learning","Hanson, Allen and Dougherty is hiring a HR Analytics Specialist in Houston, TX to work in Healthcare. Candidates should be skilled in Machine Learning, PyTorch, Business Strategy, TensorFlow, Power BI, Tableau, NLP, Deep Learning with at least 1 years of experience. This is a Internship position.",2024-11-15,Within 30 Days
63,HR Analytics Specialist,Mcdonald-Nelson,"Seattle, WA",Healthcare,BI,Internship,Hybrid,1,PhD,$100k-$150k,"Machine Learning, Statistics, Google Analytics, Python, Power BI, Stakeholder Communication","Mcdonald-Nelson is hiring a HR Analytics Specialist in Seattle, WA to work in Healthcare. Candidates should be skilled in Machine Learning, Statistics, Google Analytics, Python, Power BI, Stakeholder Communication with at least 1 years of experience. This is a Internship position.",2024-11-30,Within 30 Days
64,AI Engineer,"Rogers, Thomas and Ward","Chicago, IL",Finance,Data,Part-time,On-site,5,Bachelor's,$80k-$100k,"Python, TensorFlow, Google Analytics, NLP, PyTorch, Machine Learning","Rogers, Thomas and Ward is hiring a AI Engineer in Chicago, IL to work in Finance. Candidates should be skilled in Python, TensorFlow, Google Analytics, NLP, PyTorch, Machine Learning with at least 5 years of experience. This is a Part-time position.",2024-12-26,Future Hiring
65,Data Scientist,Carlson PLC,"New York, NY",Finance,Operations,Part-time,Remote,4,Bachelor's,$70k-$90k,"Excel, Power BI, Deep Learning, NLP, SQL","Carlson PLC is hiring a Data Scientist in New York, NY to work in Finance. Candidates should be skilled in Excel, Power BI, Deep Learning, NLP, SQL with at least 4 years of experience. This is a Part-time position.",2025-01-02,Rolling
66,Risk Analyst,Carlson PLC,"Austin, TX",Finance,BI,Full-time,Hybrid,4,Master's,$70k-$90k,"Scikit-learn, Google Analytics, Machine Learning, Stakeholder Communication, SQL, PyTorch, Deep Learning","Carlson PLC is hiring a Risk Analyst in Austin, TX to work in Finance. Candidates should be skilled in Scikit-learn, Google Analytics, Machine Learning, Stakeholder Communication, SQL, PyTorch, Deep Learning with at least 4 years of experience. This is a Full-time position.",2025-03-04,Immediate
67,HR Analytics Specialist,Romero PLC,"Houston, TX",Retail,Finance,Internship,On-site,1,PhD,$80k-$100k,"NLP, Deep Learning, Python, Power BI, Scikit-learn","Romero PLC is hiring a HR Analytics Specialist in Houston, TX to work in Retail. Candidates should be skilled in NLP, Deep Learning, Python, Power BI, Scikit-learn with at least 1 years of experience. This is a Internship position.",2025-03-16,Within 30 Days
68,Data Scientist,Henderson-Anderson,"Austin, TX",Consulting,Operations,Part-time,Remote,4,Bachelor's,$70k-$90k,"Power BI, Business Strategy, Google Analytics, Excel, SQL, Scikit-learn","Henderson-Anderson is hiring a Data Scientist in Austin, TX to work in Consulting. Candidates should be skilled in Power BI, Business Strategy, Google Analytics, Excel, SQL, Scikit-learn with at least 4 years of experience. This is a Part-time position.",2024-12-13,Immediate
69,Business Analyst,Flynn-Richardson,"Austin, TX",Consulting,Engineering,Contract,Remote,5,Master's,$80k-$100k,"Python, Excel, Scikit-learn, Power BI, Machine Learning, Business Strategy, Google Analytics","Flynn-Richardson is hiring a Business Analyst in Austin, TX to work in Consulting. Candidates should be skilled in Python, Excel, Scikit-learn, Power BI, Machine Learning, Business Strategy, Google Analytics with at least 5 years of experience. This is a Contract position.",2024-11-30,Immediate
70,Business Analyst,Martinez-Pena,"Boston, MA",Consulting,Finance,Part-time,Remote,3,Bachelor's,$100k-$150k,"Scikit-learn, Power BI, NLP, Statistics, Python, Stakeholder Communication","Martinez-Pena is hiring a Business Analyst in Boston, MA to work in Consulting. Candidates should be skilled in Scikit-learn, Power BI, NLP, Statistics, Python, Stakeholder Communication with at least 3 years of experience. This is a Part-time position.",2025-03-17,Rolling
71,AI Engineer,Mason LLC,"Los Angeles, CA",Consulting,BI,Internship,Hybrid,0,PhD,$100k-$150k,"Machine Learning, Excel, Power BI, Python, Stakeholder Communication, NLP, Google Analytics, PyTorch, Scikit-learn","Mason LLC is hiring a AI Engineer in Los Angeles, CA to work in Consulting. Candidates should be skilled in Machine Learning, Excel, Power BI, Python, Stakeholder Communication, NLP, Google Analytics, PyTorch, Scikit-learn with at least 0 years of experience. This is a Internship position.",2024-11-01,Within 30 Days
72,Risk Analyst,"Maldonado, Anderson and Tanner","Seattle, WA",Healthcare,Operations,Contract,Hybrid,0,PhD,$90k-$120k,"Business Strategy, Scikit-learn, Excel, Python, Google Analytics, PyTorch, Stakeholder Communication, Tableau","Maldonado, Anderson and Tanner is hiring a Risk Analyst in Seattle, WA to work in Healthcare. Candidates should be skilled in Business Strategy, Scikit-learn, Excel, Python, Google Analytics, PyTorch, Stakeholder Communication, Tableau with at least 0 years of experience. This is a Contract position.",2025-02-21,Immediate
73,Data Analyst,Woodward LLC,"Los Angeles, CA",Consulting,AI/ML,Part-time,Remote,5,Master's,$60k-$80k,"Power BI, Tableau, SQL, Python, Google Analytics","Woodward LLC is hiring a Data Analyst in Los Angeles, CA to work in Consulting. Candidates should be skilled in Power BI, Tableau, SQL, Python, Google Analytics with at least 5 years of experience. This is a Part-time position.",2025-03-09,Future Hiring
74,Risk Analyst,"Hanson, Allen and Dougherty","San Francisco, CA",Healthcare,Operations,Contract,Hybrid,2,PhD,$90k-$120k,"Google Analytics, Deep Learning, Tableau, TensorFlow, Excel, Statistics, SQL, Python, Stakeholder Communication","Hanson, Allen and Dougherty is hiring a Risk Analyst in San Francisco, CA to work in Healthcare. Candidates should be skilled in Google Analytics, Deep Learning, Tableau, TensorFlow, Excel, Statistics, SQL, Python, Stakeholder Communication with at least 2 years of experience. This is a Contract position.",2024-12-14,Immediate
75,Data Analyst,Ward PLC,"Denver, CO",Technology,BI,Part-time,Remote,1,Master's,$80k-$100k,"NLP, Stakeholder Communication, Python, Tableau, Power BI, Google Analytics, Business Strategy, TensorFlow","Ward PLC is hiring a Data Analyst in Denver, CO to work in Technology. Candidates should be skilled in NLP, Stakeholder Communication, Python, Tableau, Power BI, Google Analytics, Business Strategy, TensorFlow with at least 1 years of experience. This is a Part-time position.",2024-12-31,Within 30 Days
76,AI Engineer,Brooks-Stanley,"San Francisco, CA",Healthcare,BI,Contract,Remote,0,PhD,$90k-$120k,"SQL, Tableau, Machine Learning, PyTorch, Statistics, NLP, Stakeholder Communication","Brooks-Stanley is hiring a AI Engineer in San Francisco, CA to work in Healthcare. Candidates should be skilled in SQL, Tableau, Machine Learning, PyTorch, Statistics, NLP, Stakeholder Communication with at least 0 years of experience. This is a Contract position.",2025-02-18,Future Hiring
77,Business Analyst,Martinez PLC,"Boston, MA",Retail,Finance,Internship,Hybrid,3,PhD,$90k-$120k,"Tableau, Deep Learning, Scikit-learn, Power BI, PyTorch, NLP, Stakeholder Communication, Machine Learning","Martinez PLC is hiring a Business Analyst in Boston, MA to work in Retail. Candidates should be skilled in Tableau, Deep Learning, Scikit-learn, Power BI, PyTorch, NLP, Stakeholder Communication, Machine Learning with at least 3 years of experience. This is a Internship position.",2025-01-24,Immediate
78,Healthcare Data Analyst,Romero PLC,"Austin, TX",Consulting,Finance,Full-time,Hybrid,2,Bachelor's,$60k-$80k,"Tableau, Business Strategy, Python, Google Analytics, PyTorch, Stakeholder Communication, Machine Learning, TensorFlow, NLP","Romero PLC is hiring a Healthcare Data Analyst in Austin, TX to work in Consulting. Candidates should be skilled in Tableau, Business Strategy, Python, Google Analytics, PyTorch, Stakeholder Communication, Machine Learning, TensorFlow, NLP with at least 2 years of experience. This is a Full-time position.",2025-01-21,Rolling
79,Data Scientist,Duran-Hart,"Los Angeles, CA",Finance,Engineering,Internship,Hybrid,1,Master's,$60k-$80k,"Tableau, TensorFlow, Google Analytics, Python, Scikit-learn, Business Strategy","Duran-Hart is hiring a Data Scientist in Los Angeles, CA to work in Finance. Candidates should be skilled in Tableau, TensorFlow, Google Analytics, Python, Scikit-learn, Business Strategy with at least 1 years of experience. This is a Internship position.",2025-02-15,Future Hiring
80,Business Analyst,"Hanson, Allen and Dougherty","Houston, TX",Finance,Data,Part-time,Remote,0,Bachelor's,$60k-$80k,"PyTorch, Stakeholder Communication, Statistics, Business Strategy, Tableau","Hanson, Allen and Dougherty is hiring a Business Analyst in Houston, TX to work in Finance. Candidates should be skilled in PyTorch, Stakeholder Communication, Statistics, Business Strategy, Tableau with at least 0 years of experience. This is a Part-time position.",2024-12-04,Within 30 Days
81,Data Analyst,Henderson-Anderson,"Chicago, IL",Consulting,BI,Full-time,Remote,5,Master's,$80k-$100k,"TensorFlow, Machine Learning, Power BI, NLP, Google Analytics, Tableau, Deep Learning, Statistics","Henderson-Anderson is hiring a Data Analyst in Chicago, IL to work in Consulting. Candidates should be skilled in TensorFlow, Machine Learning, Power BI, NLP, Google Analytics, Tableau, Deep Learning, Statistics with at least 5 years of experience. This is a Full-time position.",2025-03-16,Future Hiring
82,Data Scientist,"Miller, Lane and Reyes","Denver, CO",Technology,AI/ML,Part-time,Hybrid,1,PhD,$100k-$150k,"Excel, Google Analytics, Tableau, PyTorch, NLP, Stakeholder Communication, Scikit-learn, TensorFlow","Miller, Lane and Reyes is hiring a Data Scientist in Denver, CO to work in Technology. Candidates should be skilled in Excel, Google Analytics, Tableau, PyTorch, NLP, Stakeholder Communication, Scikit-learn, TensorFlow with at least 1 years of experience. This is a Part-time position.",2025-02-23,Future Hiring
83,BI Analyst,Murphy-Montgomery,"San Francisco, CA",Finance,Engineering,Part-time,On-site,3,Bachelor's,$90k-$120k,"Scikit-learn, Excel, PyTorch, TensorFlow, Power BI, Stakeholder Communication, SQL, Python, Statistics","Murphy-Montgomery is hiring a BI Analyst in San Francisco, CA to work in Finance. Candidates should be skilled in Scikit-learn, Excel, PyTorch, TensorFlow, Power BI, Stakeholder Communication, SQL, Python, Statistics with at least 3 years of experience. This is a Part-time position.",2024-12-24,Immediate
84,Data Analyst,Woodward LLC,"Seattle, WA",Finance,BI,Internship,On-site,4,Master's,$60k-$80k,"Google Analytics, Tableau, Machine Learning, Python, SQL, PyTorch, Statistics, TensorFlow, Power BI","Woodward LLC is hiring a Data Analyst in Seattle, WA to work in Finance. Candidates should be skilled in Google Analytics, Tableau, Machine Learning, Python, SQL, PyTorch, Statistics, TensorFlow, Power BI with at least 4 years of experience. This is a Internship position.",2025-01-17,Rolling
85,Marketing Analyst,Parker-Brown,"Denver, CO",Technology,Engineering,Internship,On-site,0,Master's,$80k-$100k,"Deep Learning, Statistics, TensorFlow, Google Analytics, NLP, Excel, SQL, Machine Learning, Python","Parker-Brown is hiring a Marketing Analyst in Denver, CO to work in Technology. Candidates should be skilled in Deep Learning, Statistics, TensorFlow, Google Analytics, NLP, Excel, SQL, Machine Learning, Python with at least 0 years of experience. This is a Internship position.",2025-03-16,Immediate
86,Operations Analyst,Mason LLC,"Atlanta, GA",Healthcare,Engineering,Contract,On-site,4,PhD,$80k-$100k,"NLP, Scikit-learn, Tableau, Business Strategy, Machine Learning, Excel","Mason LLC is hiring a Operations Analyst in Atlanta, GA to work in Healthcare. Candidates should be skilled in NLP, Scikit-learn, Tableau, Business Strategy, Machine Learning, Excel with at least 4 years of experience. This is a Contract position.",2024-12-16,Rolling
87,Risk Analyst,Sawyer LLC,"Chicago, IL",Consulting,Data,Contract,On-site,0,Bachelor's,$80k-$100k,"Google Analytics, NLP, Tableau, Excel, Business Strategy, SQL, TensorFlow, Statistics","Sawyer LLC is hiring a Risk Analyst in Chicago, IL to work in Consulting. Candidates should be skilled in Google Analytics, NLP, Tableau, Excel, Business Strategy, SQL, TensorFlow, Statistics with at least 0 years of experience. This is a Contract position.",2025-02-26,Future Hiring
88,Marketing Analyst,"Bauer, Thomas and Harrison","San Francisco, CA",Retail,Data,Full-time,On-site,1,Master's,$80k-$100k,"Scikit-learn, Deep Learning, Machine Learning, Google Analytics, Stakeholder Communication, Excel, PyTorch, NLP, Power BI","Bauer, Thomas and Harrison is hiring a Marketing Analyst in San Francisco, CA to work in Retail. Candidates should be skilled in Scikit-learn, Deep Learning, Machine Learning, Google Analytics, Stakeholder Communication, Excel, PyTorch, NLP, Power BI with at least 1 years of experience. This is a Full-time position.",2025-01-04,Rolling
89,ML Analyst,Pearson Inc,"Seattle, WA",Finance,Operations,Contract,Remote,0,Master's,$80k-$100k,"Statistics, Tableau, Business Strategy, SQL, Stakeholder Communication","Pearson Inc is hiring a ML Analyst in Seattle, WA to work in Finance. Candidates should be skilled in Statistics, Tableau, Business Strategy, SQL, Stakeholder Communication with at least 0 years of experience. This is a Contract position.",2025-02-16,Future Hiring
90,Risk Analyst,"Rodriguez, Fischer and Williams","Denver, CO",Technology,Data,Full-time,Remote,0,Master's,$90k-$120k,"Business Strategy, Scikit-learn, Deep Learning, Machine Learning, TensorFlow, Google Analytics","Rodriguez, Fischer and Williams is hiring a Risk Analyst in Denver, CO to work in Technology. Candidates should be skilled in Business Strategy, Scikit-learn, Deep Learning, Machine Learning, TensorFlow, Google Analytics with at least 0 years of experience. This is a Full-time position.",2024-10-24,Future Hiring
91,Data Analyst,"Jensen, Bennett and Bean","Los Angeles, CA",Consulting,BI,Full-time,On-site,1,PhD,$80k-$100k,"Stakeholder Communication, Excel, Machine Learning, Statistics, Google Analytics, SQL, Scikit-learn, Power BI, Business Strategy","Jensen, Bennett and Bean is hiring a Data Analyst in Los Angeles, CA to work in Consulting. Candidates should be skilled in Stakeholder Communication, Excel, Machine Learning, Statistics, Google Analytics, SQL, Scikit-learn, Power BI, Business Strategy with at least 1 years of experience. This is a Full-time position.",2025-03-16,Future Hiring
92,AI Engineer,Duran-Hart,"Seattle, WA",Finance,Finance,Full-time,Hybrid,5,Master's,$100k-$150k,"Power BI, Stakeholder Communication, NLP, Python, Tableau, Excel, Scikit-learn, Business Strategy","Duran-Hart is hiring a AI Engineer in Seattle, WA to work in Finance. Candidates should be skilled in Power BI, Stakeholder Communication, NLP, Python, Tableau, Excel, Scikit-learn, Business Strategy with at least 5 years of experience. This is a Full-time position.",2025-01-11,Within 30 Days
93,Risk Analyst,Stafford-Pace,"Chicago, IL",Retail,BI,Internship,On-site,1,Bachelor's,$100k-$150k,"SQL, Machine Learning, Stakeholder Communication, Statistics, Business Strategy, Python","Stafford-Pace is hiring a Risk Analyst in Chicago, IL to work in Retail. Candidates should be skilled in SQL, Machine Learning, Stakeholder Communication, Statistics, Business Strategy, Python with at least 1 years of experience. This is a Internship position.",2025-01-29,Future Hiring
94,Marketing Analyst,"Peterson, Smith and Kim","Los Angeles, CA",Retail,Finance,Full-time,On-site,4,Master's,$90k-$120k,"Scikit-learn, PyTorch, Machine Learning, Tableau, Excel, TensorFlow, Statistics, SQL","Peterson, Smith and Kim is hiring a Marketing Analyst in Los Angeles, CA to work in Retail. Candidates should be skilled in Scikit-learn, PyTorch, Machine Learning, Tableau, Excel, TensorFlow, Statistics, SQL with at least 4 years of experience. This is a Full-time position.",2024-12-13,Rolling
95,HR Analytics Specialist,Craig-Collins,"Chicago, IL",Finance,BI,Part-time,On-site,4,Master's,$80k-$100k,"Deep Learning, PyTorch, Stakeholder Communication, Power BI, Google Analytics","Craig-Collins is hiring a HR Analytics Specialist in Chicago, IL to work in Finance. Candidates should be skilled in Deep Learning, PyTorch, Stakeholder Communication, Power BI, Google Analytics with at least 4 years of experience. This is a Part-time position.",2025-02-12,Within 30 Days
96,Healthcare Data Analyst,Duran-Hart,"Seattle, WA",Technology,Engineering,Contract,On-site,3,Master's,$60k-$80k,"NLP, TensorFlow, Business Strategy, Google Analytics, SQL, Stakeholder Communication, PyTorch","Duran-Hart is hiring a Healthcare Data Analyst in Seattle, WA to work in Technology. Candidates should be skilled in NLP, TensorFlow, Business Strategy, Google Analytics, SQL, Stakeholder Communication, PyTorch with at least 3 years of experience. This is a Contract position.",2024-12-29,Within 30 Days
97,Business Analyst,Christensen-Austin,"Atlanta, GA",Finance,Operations,Full-time,Remote,3,Bachelor's,$80k-$100k,"SQL, Statistics, Power BI, Python, Business Strategy, Machine Learning","Christensen-Austin is hiring a Business Analyst in Atlanta, GA to work in Finance. Candidates should be skilled in SQL, Statistics, Power BI, Python, Business Strategy, Machine Learning with at least 3 years of experience. This is a Full-time position.",2024-11-04,Immediate
98,Cybersecurity Analyst,Grant Ltd,"Los Angeles, CA",Retail,Finance,Internship,On-site,4,PhD,$100k-$150k,"Statistics, PyTorch, Power BI, Google Analytics, Python, TensorFlow","Grant Ltd is hiring a Cybersecurity Analyst in Los Angeles, CA to work in Retail. Candidates should be skilled in Statistics, PyTorch, Power BI, Google Analytics, Python, TensorFlow with at least 4 years of experience. This is a Internship position.",2025-03-04,Within 30 Days
99,Business Analyst,Rodriguez and Sons,"Los Angeles, CA",Retail,AI/ML,Part-time,On-site,3,PhD,$100k-$150k,"Python, Excel, Scikit-learn, Deep Learning, SQL","Rodriguez and Sons is hiring a Business Analyst in Los Angeles, CA to work in Retail. Candidates should be skilled in Python, Excel, Scikit-learn, Deep Learning, SQL with at least 3 years of experience. This is a Part-time position.",2025-01-12,Immediate
100,BI Analyst,Carlson PLC,"Austin, TX",Retail,AI/ML,Internship,Remote,4,PhD,$70k-$90k,"Machine Learning, SQL, Python, TensorFlow, PyTorch, Google Analytics","Carlson PLC is hiring a BI Analyst in Austin, TX to work in Retail. Candidates should be skilled in Machine Learning, SQL, Python, TensorFlow, PyTorch, Google Analytics with at least 4 years of experience. This is a Internship position.",2024-12-26,Rolling
101,Healthcare Data Analyst,Martinez PLC,"Denver, CO",Technology,Data,Full-time,Hybrid,0,Master's,$100k-$150k,"TensorFlow, Python, Stakeholder Communication, PyTorch, Statistics, NLP","Martinez PLC is hiring a Healthcare Data Analyst in Denver, CO to work in Technology. Candidates should be skilled in TensorFlow, Python, Stakeholder Communication, PyTorch, Statistics, NLP with at least 0 years of experience. This is a Full-time position.",2024-11-17,Future Hiring
102,AI Engineer,"Russo, Garcia and Hudson","San Francisco, CA",Retail,Finance,Part-time,Remote,2,PhD,$90k-$120k,"Power BI, Excel, Stakeholder Communication, Tableau, SQL","Russo, Garcia and Hudson is hiring a AI Engineer in San Francisco, CA to work in Retail. Candidates should be skilled in Power BI, Excel, Stakeholder Communication, Tableau, SQL with at least 2 years of experience. This is a Part-time position.",2024-11-12,Future Hiring
103,Cybersecurity Analyst,Martinez-Pena,"New York, NY",Healthcare,Data,Internship,Hybrid,1,Master's,$100k-$150k,"Google Analytics, Scikit-learn, Statistics, PyTorch, Python","Martinez-Pena is hiring a Cybersecurity Analyst in New York, NY to work in Healthcare. Candidates should be skilled in Google Analytics, Scikit-learn, Statistics, PyTorch, Python with at least 1 years of experience. This is a Internship position.",2025-01-29,Rolling
104,Operations Analyst,Grant Ltd,"Chicago, IL",Consulting,Operations,Part-time,Hybrid,4,Bachelor's,$80k-$100k,"PyTorch, Machine Learning, TensorFlow, Statistics, Deep Learning, Excel, Business Strategy","Grant Ltd is hiring a Operations Analyst in Chicago, IL to work in Consulting. Candidates should be skilled in PyTorch, Machine Learning, TensorFlow, Statistics, Deep Learning, Excel, Business Strategy with at least 4 years of experience. This is a Part-time position.",2025-02-04,Future Hiring
105,Data Analyst,"Hanson, Allen and Dougherty","Seattle, WA",Retail,AI/ML,Full-time,Hybrid,5,Bachelor's,$90k-$120k,"Machine Learning, PyTorch, Statistics, Python, Business Strategy, Excel","Hanson, Allen and Dougherty is hiring a Data Analyst in Seattle, WA to work in Retail. Candidates should be skilled in Machine Learning, PyTorch, Statistics, Python, Business Strategy, Excel with at least 5 years of experience. This is a Full-time position.",2025-01-09,Within 30 Days
106,Financial Analyst,Brooks-Stanley,"Boston, MA",Consulting,Operations,Internship,Remote,3,PhD,$80k-$100k,"NLP, Python, Deep Learning, Business Strategy, Excel, Stakeholder Communication, PyTorch","Brooks-Stanley is hiring a Financial Analyst in Boston, MA to work in Consulting. Candidates should be skilled in NLP, Python, Deep Learning, Business Strategy, Excel, Stakeholder Communication, PyTorch with at least 3 years of experience. This is a Internship position.",2025-02-05,Immediate
107,Operations Analyst,Grant Ltd,"Boston, MA",Retail,AI/ML,Full-time,Hybrid,4,PhD,$80k-$100k,"Excel, Power BI, Business Strategy, Deep Learning, Google Analytics, PyTorch, TensorFlow","Grant Ltd is hiring a Operations Analyst in Boston, MA to work in Retail. Candidates should be skilled in Excel, Power BI, Business Strategy, Deep Learning, Google Analytics, PyTorch, TensorFlow with at least 4 years of experience. This is a Full-time position.",2025-03-12,Immediate
108,Marketing Analyst,Ward PLC,"San Francisco, CA",Consulting,AI/ML,Internship,On-site,3,PhD,$80k-$100k,"Python, SQL, Power BI, Tableau, PyTorch, Stakeholder Communication","Ward PLC is hiring a Marketing Analyst in San Francisco, CA to work in Consulting. Candidates should be skilled in Python, SQL, Power BI, Tableau, PyTorch, Stakeholder Communication with at least 3 years of experience. This is a Internship position.",2024-12-15,Rolling
109,AI Engineer,Erickson LLC,"Seattle, WA",Retail,AI/ML,Full-time,On-site,4,Master's,$70k-$90k,"Statistics, Excel, Google Analytics, Business Strategy, Python, Machine Learning, NLP, Tableau","Erickson LLC is hiring a AI Engineer in Seattle, WA to work in Retail. Candidates should be skilled in Statistics, Excel, Google Analytics, Business Strategy, Python, Machine Learning, NLP, Tableau with at least 4 years of experience. This is a Full-time position.",2025-03-14,Future Hiring
110,Risk Analyst,Turner LLC,"New York, NY",Finance,Finance,Full-time,Hybrid,4,Master's,$80k-$100k,"Excel, Deep Learning, SQL, Python, TensorFlow, Scikit-learn, Machine Learning, PyTorch, Google Analytics","Turner LLC is hiring a Risk Analyst in New York, NY to work in Finance. Candidates should be skilled in Excel, Deep Learning, SQL, Python, TensorFlow, Scikit-learn, Machine Learning, PyTorch, Google Analytics with at least 4 years of experience. This is a Full-time position.",2025-01-12,Immediate
111,Quantitative Analyst,Ayala Ltd,"Denver, CO",Finance,Finance,Full-time,Hybrid,3,Master's,$100k-$150k,"Scikit-learn, Deep Learning, Stakeholder Communication, Machine Learning, Excel, SQL, Business Strategy","Ayala Ltd is hiring a Quantitative Analyst in Denver, CO to work in Finance. Candidates should be skilled in Scikit-learn, Deep Learning, Stakeholder Communication, Machine Learning, Excel, SQL, Business Strategy with at least 3 years of experience. This is a Full-time position.",2024-11-15,Immediate
112,Data Engineer,"Johnson, Clarke and Washington","Austin, TX",Healthcare,Finance,Part-time,Remote,0,Bachelor's,$90k-$120k,"Excel, Tableau, Machine Learning, Statistics, Business Strategy, SQL","Johnson, Clarke and Washington is hiring a Data Engineer in Austin, TX to work in Healthcare. Candidates should be skilled in Excel, Tableau, Machine Learning, Statistics, Business Strategy, SQL with at least 0 years of experience. This is a Part-time position.",2024-11-08,Future Hiring
113,Cybersecurity Analyst,Pearson Inc,"Los Angeles, CA",Finance,AI/ML,Contract,On-site,2,Bachelor's,$80k-$100k,"Google Analytics, Business Strategy, Stakeholder Communication, SQL, Excel, Power BI, Deep Learning","Pearson Inc is hiring a Cybersecurity Analyst in Los Angeles, CA to work in Finance. Candidates should be skilled in Google Analytics, Business Strategy, Stakeholder Communication, SQL, Excel, Power BI, Deep Learning with at least 2 years of experience. This is a Contract position.",2025-01-29,Future Hiring
114,Data Scientist,"Maldonado, Anderson and Tanner","Chicago, IL",Healthcare,Data,Contract,On-site,0,Master's,$100k-$150k,"NLP, Excel, Power BI, Scikit-learn, Business Strategy, Deep Learning","Maldonado, Anderson and Tanner is hiring a Data Scientist in Chicago, IL to work in Healthcare. Candidates should be skilled in NLP, Excel, Power BI, Scikit-learn, Business Strategy, Deep Learning with at least 0 years of experience. This is a Contract position.",2024-12-28,Future Hiring
115,AI Engineer,Mcdonald-Nelson,"San Francisco, CA",Finance,Operations,Part-time,Remote,2,Bachelor's,$60k-$80k,"Google Analytics, SQL, NLP, TensorFlow, Deep Learning, Power BI, Excel, Scikit-learn","Mcdonald-Nelson is hiring a AI Engineer in San Francisco, CA to work in Finance. Candidates should be skilled in Google Analytics, SQL, NLP, TensorFlow, Deep Learning, Power BI, Excel, Scikit-learn with at least 2 years of experience. This is a Part-time position.",2024-11-09,Rolling
116,Data Analyst,"Hanson, Allen and Dougherty","Boston, MA",Healthcare,Engineering,Contract,Hybrid,3,Bachelor's,$60k-$80k,"Stakeholder Communication, NLP, Google Analytics, TensorFlow, PyTorch, Excel, Python","Hanson, Allen and Dougherty is hiring a Data Analyst in Boston, MA to work in Healthcare. Candidates should be skilled in Stakeholder Communication, NLP, Google Analytics, TensorFlow, PyTorch, Excel, Python with at least 3 years of experience. This is a Contract position.",2025-01-21,Immediate
117,Operations Analyst,"Maldonado, Anderson and Tanner","Austin, TX",Consulting,AI/ML,Contract,Remote,5,Master's,$80k-$100k,"Machine Learning, Statistics, Power BI, Python, SQL, TensorFlow","Maldonado, Anderson and Tanner is hiring a Operations Analyst in Austin, TX to work in Consulting. Candidates should be skilled in Machine Learning, Statistics, Power BI, Python, SQL, TensorFlow with at least 5 years of experience. This is a Contract position.",2024-10-28,Future Hiring
118,Quantitative Analyst,Alexander and Sons,"San Francisco, CA",Healthcare,Engineering,Internship,Remote,5,Master's,$70k-$90k,"Statistics, Deep Learning, Business Strategy, TensorFlow, SQL, Stakeholder Communication, Machine Learning, PyTorch, Google Analytics","Alexander and Sons is hiring a Quantitative Analyst in San Francisco, CA to work in Healthcare. Candidates should be skilled in Statistics, Deep Learning, Business Strategy, TensorFlow, SQL, Stakeholder Communication, Machine Learning, PyTorch, Google Analytics with at least 5 years of experience. This is a Internship position.",2024-12-05,Future Hiring
119,Data Engineer,"Hanson, Allen and Dougherty","Boston, MA",Consulting,AI/ML,Contract,On-site,5,PhD,$80k-$100k,"Power BI, Scikit-learn, Deep Learning, Stakeholder Communication, Business Strategy, NLP, Excel","Hanson, Allen and Dougherty is hiring a Data Engineer in Boston, MA to work in Consulting. Candidates should be skilled in Power BI, Scikit-learn, Deep Learning, Stakeholder Communication, Business Strategy, NLP, Excel with at least 5 years of experience. This is a Contract position.",2024-11-07,Rolling
120,Product Analyst,Palmer Group,"Houston, TX",Retail,Engineering,Full-time,Hybrid,4,Master's,$70k-$90k,"PyTorch, SQL, Excel, Stakeholder Communication, Scikit-learn","Palmer Group is hiring a Product Analyst in Houston, TX to work in Retail. Candidates should be skilled in PyTorch, SQL, Excel, Stakeholder Communication, Scikit-learn with at least 4 years of experience. This is a Full-time position.",2024-12-22,Immediate
121,Quantitative Analyst,Turner LLC,"Houston, TX",Retail,Engineering,Part-time,On-site,3,Master's,$90k-$120k,"NLP, Power BI, Google Analytics, Stakeholder Communication, Business Strategy, Scikit-learn, TensorFlow, Excel","Turner LLC is hiring a Quantitative Analyst in Houston, TX to work in Retail. Candidates should be skilled in NLP, Power BI, Google Analytics, Stakeholder Communication, Business Strategy, Scikit-learn, TensorFlow, Excel with at least 3 years of experience. This is a Part-time position.",2024-11-20,Immediate
122,Data Analyst,Brooks-Stanley,"Austin, TX",Technology,Operations,Full-time,Hybrid,4,Master's,$100k-$150k,"Stakeholder Communication, Tableau, Deep Learning, NLP, Power BI, TensorFlow, Statistics, Python, Excel","Brooks-Stanley is hiring a Data Analyst in Austin, TX to work in Technology. Candidates should be skilled in Stakeholder Communication, Tableau, Deep Learning, NLP, Power BI, TensorFlow, Statistics, Python, Excel with at least 4 years of experience. This is a Full-time position.",2025-01-23,Immediate
123,Quantitative Analyst,"Johnson, Clarke and Washington","San Francisco, CA",Consulting,Operations,Internship,On-site,5,Bachelor's,$70k-$90k,"Power BI, SQL, Deep Learning, Excel, TensorFlow, Stakeholder Communication, Tableau, Google Analytics, Business Strategy","Johnson, Clarke and Washington is hiring a Quantitative Analyst in San Francisco, CA to work in Consulting. Candidates should be skilled in Power BI, SQL, Deep Learning, Excel, TensorFlow, Stakeholder Communication, Tableau, Google Analytics, Business Strategy with at least 5 years of experience. This is a Internship position.",2025-03-18,Rolling
124,ML Analyst,"Maldonado, Anderson and Tanner","Chicago, IL",Finance,Operations,Contract,On-site,5,Bachelor's,$90k-$120k,"Statistics, Business Strategy, Python, Excel, Google Analytics, SQL, Stakeholder Communication, TensorFlow, Tableau","Maldonado, Anderson and Tanner is hiring a ML Analyst in Chicago, IL to work in Finance. Candidates should be skilled in Statistics, Business Strategy, Python, Excel, Google Analytics, SQL, Stakeholder Communication, TensorFlow, Tableau with at least 5 years of experience. This is a Contract position.",2024-12-08,Future Hiring
125,Quantitative Analyst,Craig-Collins,"Los Angeles, CA",Technology,BI,Internship,Remote,5,Bachelor's,$90k-$120k,"Machine Learning, Python, NLP, Power BI, Deep Learning, Statistics","Craig-Collins is hiring a Quantitative Analyst in Los Angeles, CA to work in Technology. Candidates should be skilled in Machine Learning, Python, NLP, Power BI, Deep Learning, Statistics with at least 5 years of experience. This is a Internship position.",2025-03-16,Future Hiring
126,BI Analyst,Carlson PLC,"Boston, MA",Healthcare,Operations,Full-time,Remote,2,Master's,$80k-$100k,"Scikit-learn, Power BI, NLP, Stakeholder Communication, Business Strategy, SQL, Python, Machine Learning","Carlson PLC is hiring a BI Analyst in Boston, MA to work in Healthcare. Candidates should be skilled in Scikit-learn, Power BI, NLP, Stakeholder Communication, Business Strategy, SQL, Python, Machine Learning with at least 2 years of experience. This is a Full-time position.",2024-12-16,Rolling
127,Operations Analyst,"Ingram, Ware and Foley","San Francisco, CA",Finance,AI/ML,Contract,Remote,3,Bachelor's,$80k-$100k,"Deep Learning, Scikit-learn, Business Strategy, NLP, Tableau","Ingram, Ware and Foley is hiring a Operations Analyst in San Francisco, CA to work in Finance. Candidates should be skilled in Deep Learning, Scikit-learn, Business Strategy, NLP, Tableau with at least 3 years of experience. This is a Contract position.",2025-03-19,Within 30 Days
128,HR Analytics Specialist,Christensen-Austin,"New York, NY",Finance,Operations,Full-time,On-site,3,PhD,$80k-$100k,"PyTorch, TensorFlow, Google Analytics, Scikit-learn, Tableau, SQL","Christensen-Austin is hiring a HR Analytics Specialist in New York, NY to work in Finance. Candidates should be skilled in PyTorch, TensorFlow, Google Analytics, Scikit-learn, Tableau, SQL with at least 3 years of experience. This is a Full-time position.",2024-11-14,Rolling
129,Operations Analyst,Woodward LLC,"Denver, CO",Consulting,Operations,Internship,On-site,5,PhD,$100k-$150k,"PyTorch, Excel, Tableau, Scikit-learn, Python","Woodward LLC is hiring a Operations Analyst in Denver, CO to work in Consulting. Candidates should be skilled in PyTorch, Excel, Tableau, Scikit-learn, Python with at least 5 years of experience. This is a Internship position.",2025-01-08,Future Hiring
130,Operations Analyst,Villanueva-Mooney,"Denver, CO",Healthcare,AI/ML,Part-time,Hybrid,2,Bachelor's,$60k-$80k,"Business Strategy, PyTorch, NLP, Tableau, Statistics, TensorFlow","Villanueva-Mooney is hiring a Operations Analyst in Denver, CO to work in Healthcare. Candidates should be skilled in Business Strategy, PyTorch, NLP, Tableau, Statistics, TensorFlow with at least 2 years of experience. This is a Part-time position.",2025-03-14,Immediate
131,Data Engineer,Phillips Inc,"New York, NY",Technology,Engineering,Internship,Remote,1,PhD,$90k-$120k,"PyTorch, Scikit-learn, Machine Learning, Stakeholder Communication, TensorFlow","Phillips Inc is hiring a Data Engineer in New York, NY to work in Technology. Candidates should be skilled in PyTorch, Scikit-learn, Machine Learning, Stakeholder Communication, TensorFlow with at least 1 years of experience. This is a Internship position.",2024-11-18,Immediate
132,Data Analyst,Stafford-Pace,"Austin, TX",Finance,AI/ML,Full-time,On-site,4,PhD,$60k-$80k,"Statistics, Scikit-learn, Deep Learning, Stakeholder Communication, PyTorch, SQL, Business Strategy, Python","Stafford-Pace is hiring a Data Analyst in Austin, TX to work in Finance. Candidates should be skilled in Statistics, Scikit-learn, Deep Learning, Stakeholder Communication, PyTorch, SQL, Business Strategy, Python with at least 4 years of experience. This is a Full-time position.",2024-11-20,Within 30 Days
133,ML Analyst,"Ingram, Ware and Foley","Chicago, IL",Consulting,BI,Internship,On-site,2,Master's,$100k-$150k,"Google Analytics, Scikit-learn, Tableau, Power BI, TensorFlow, Excel, PyTorch, Python","Ingram, Ware and Foley is hiring a ML Analyst in Chicago, IL to work in Consulting. Candidates should be skilled in Google Analytics, Scikit-learn, Tableau, Power BI, TensorFlow, Excel, PyTorch, Python with at least 2 years of experience. This is a Internship position.",2024-12-09,Rolling
134,Marketing Analyst,Romero PLC,"San Francisco, CA",Healthcare,Operations,Contract,Hybrid,3,Bachelor's,$90k-$120k,"Google Analytics, Excel, NLP, Statistics, Tableau, SQL, Power BI","Romero PLC is hiring a Marketing Analyst in San Francisco, CA to work in Healthcare. Candidates should be skilled in Google Analytics, Excel, NLP, Statistics, Tableau, SQL, Power BI with at least 3 years of experience. This is a Contract position.",2024-12-19,Future Hiring
135,Marketing Analyst,Palmer Group,"Denver, CO",Finance,BI,Contract,On-site,3,Master's,$80k-$100k,"Tableau, Business Strategy, Scikit-learn, Stakeholder Communication, Excel, NLP","Palmer Group is hiring a Marketing Analyst in Denver, CO to work in Finance. Candidates should be skilled in Tableau, Business Strategy, Scikit-learn, Stakeholder Communication, Excel, NLP with at least 3 years of experience. This is a Contract position.",2024-12-09,Immediate
136,Quantitative Analyst,Dixon Ltd,"Seattle, WA",Healthcare,Data,Internship,Hybrid,5,Bachelor's,$80k-$100k,"SQL, Power BI, PyTorch, Business Strategy, Google Analytics","Dixon Ltd is hiring a Quantitative Analyst in Seattle, WA to work in Healthcare. Candidates should be skilled in SQL, Power BI, PyTorch, Business Strategy, Google Analytics with at least 5 years of experience. This is a Internship position.",2025-03-06,Immediate
137,Data Engineer,Martinez PLC,"Boston, MA",Finance,Data,Part-time,On-site,4,Bachelor's,$90k-$120k,"NLP, Power BI, Machine Learning, Stakeholder Communication, Python","Martinez PLC is hiring a Data Engineer in Boston, MA to work in Finance. Candidates should be skilled in NLP, Power BI, Machine Learning, Stakeholder Communication, Python with at least 4 years of experience. This is a Part-time position.",2024-11-18,Rolling
138,Marketing Analyst,Flynn-Richardson,"Houston, TX",Healthcare,Operations,Full-time,Hybrid,1,PhD,$70k-$90k,"NLP, SQL, Python, Tableau, Power BI, TensorFlow, Google Analytics, Business Strategy, Stakeholder Communication","Flynn-Richardson is hiring a Marketing Analyst in Houston, TX to work in Healthcare. Candidates should be skilled in NLP, SQL, Python, Tableau, Power BI, TensorFlow, Google Analytics, Business Strategy, Stakeholder Communication with at least 1 years of experience. This is a Full-time position.",2024-11-15,Immediate
139,Cybersecurity Analyst,Craig-Collins,"Los Angeles, CA",Consulting,Finance,Internship,Hybrid,4,PhD,$70k-$90k,"PyTorch, Deep Learning, SQL, Google Analytics, Business Strategy, TensorFlow, Excel, Python, Statistics","Craig-Collins is hiring a Cybersecurity Analyst in Los Angeles, CA to work in Consulting. Candidates should be skilled in PyTorch, Deep Learning, SQL, Google Analytics, Business Strategy, TensorFlow, Excel, Python, Statistics with at least 4 years of experience. This is a Internship position.",2024-12-31,Within 30 Days
140,Data Engineer,Grant Ltd,"Seattle, WA",Finance,BI,Part-time,Hybrid,3,Master's,$70k-$90k,"Google Analytics, Tableau, NLP, Business Strategy, Machine Learning, Excel, Power BI, Stakeholder Communication, Scikit-learn","Grant Ltd is hiring a Data Engineer in Seattle, WA to work in Finance. Candidates should be skilled in Google Analytics, Tableau, NLP, Business Strategy, Machine Learning, Excel, Power BI, Stakeholder Communication, Scikit-learn with at least 3 years of experience. This is a Part-time position.",2024-12-12,Immediate
141,Data Engineer,Craig-Collins,"Chicago, IL",Technology,BI,Part-time,Hybrid,2,Bachelor's,$90k-$120k,"Stakeholder Communication, Business Strategy, NLP, PyTorch, Excel, SQL, Python, Power BI, Tableau","Craig-Collins is hiring a Data Engineer in Chicago, IL to work in Technology. Candidates should be skilled in Stakeholder Communication, Business Strategy, NLP, PyTorch, Excel, SQL, Python, Power BI, Tableau with at least 2 years of experience. This is a Part-time position.",2025-01-28,Immediate
142,Product Analyst,"Hanson, Allen and Dougherty","Seattle, WA",Technology,AI/ML,Internship,Hybrid,0,PhD,$90k-$120k,"Tableau, Deep Learning, Machine Learning, Google Analytics, TensorFlow","Hanson, Allen and Dougherty is hiring a Product Analyst in Seattle, WA to work in Technology. Candidates should be skilled in Tableau, Deep Learning, Machine Learning, Google Analytics, TensorFlow with at least 0 years of experience. This is a Internship position.",2024-11-17,Immediate
143,Operations Analyst,Craig-Collins,"Boston, MA",Technology,Finance,Part-time,Hybrid,0,PhD,$80k-$100k,"NLP, Excel, Stakeholder Communication, Deep Learning, Scikit-learn, PyTorch, Tableau, Power BI, Machine Learning","Craig-Collins is hiring a Operations Analyst in Boston, MA to work in Technology. Candidates should be skilled in NLP, Excel, Stakeholder Communication, Deep Learning, Scikit-learn, PyTorch, Tableau, Power BI, Machine Learning with at least 0 years of experience. This is a Part-time position.",2024-12-08,Within 30 Days
144,Business Analyst,Grant Ltd,"Chicago, IL",Technology,Finance,Contract,Hybrid,0,Bachelor's,$60k-$80k,"Power BI, Machine Learning, Python, TensorFlow, SQL, Deep Learning","Grant Ltd is hiring a Business Analyst in Chicago, IL to work in Technology. Candidates should be skilled in Power BI, Machine Learning, Python, TensorFlow, SQL, Deep Learning with at least 0 years of experience. This is a Contract position.",2024-12-05,Future Hiring
145,BI Analyst,Martinez-Pena,"Denver, CO",Technology,Data,Part-time,Hybrid,4,Bachelor's,$70k-$90k,"SQL, Excel, Tableau, Business Strategy, Scikit-learn, Stakeholder Communication, Deep Learning, NLP, Python","Martinez-Pena is hiring a BI Analyst in Denver, CO to work in Technology. Candidates should be skilled in SQL, Excel, Tableau, Business Strategy, Scikit-learn, Stakeholder Communication, Deep Learning, NLP, Python with at least 4 years of experience. This is a Part-time position.",2025-02-01,Within 30 Days
146,Healthcare Data Analyst,Carlson PLC,"Chicago, IL",Technology,BI,Full-time,On-site,0,Master's,$80k-$100k,"Scikit-learn, Statistics, Business Strategy, Tableau, TensorFlow, NLP, SQL","Carlson PLC is hiring a Healthcare Data Analyst in Chicago, IL to work in Technology. Candidates should be skilled in Scikit-learn, Statistics, Business Strategy, Tableau, TensorFlow, NLP, SQL with at least 0 years of experience. This is a Full-time position.",2025-01-13,Immediate
147,Business Analyst,Grant Ltd,"Boston, MA",Healthcare,Finance,Contract,Hybrid,1,Master's,$70k-$90k,"Tableau, Excel, Machine Learning, Power BI, PyTorch, NLP","Grant Ltd is hiring a Business Analyst in Boston, MA to work in Healthcare. Candidates should be skilled in Tableau, Excel, Machine Learning, Power BI, PyTorch, NLP with at least 1 years of experience. This is a Contract position.",2024-12-19,Immediate
148,ML Analyst,Murphy-Montgomery,"New York, NY",Consulting,AI/ML,Contract,Hybrid,2,Bachelor's,$70k-$90k,"NLP, Deep Learning, Statistics, Google Analytics, Machine Learning, Power BI, SQL, Stakeholder Communication, PyTorch","Murphy-Montgomery is hiring a ML Analyst in New York, NY to work in Consulting. Candidates should be skilled in NLP, Deep Learning, Statistics, Google Analytics, Machine Learning, Power BI, SQL, Stakeholder Communication, PyTorch with at least 2 years of experience. This is a Contract position.",2024-11-01,Within 30 Days
149,Product Analyst,Ayala Ltd,"New York, NY",Technology,Operations,Full-time,On-site,5,Bachelor's,$80k-$100k,"NLP, Stakeholder Communication, PyTorch, Deep Learning, Python, SQL, Excel","Ayala Ltd is hiring a Product Analyst in New York, NY to work in Technology. Candidates should be skilled in NLP, Stakeholder Communication, PyTorch, Deep Learning, Python, SQL, Excel with at least 5 years of experience. This is a Full-time position.",2025-03-01,Rolling
150,Healthcare Data Analyst,Dixon Ltd,"Seattle, WA",Finance,AI/ML,Part-time,Hybrid,5,Bachelor's,$60k-$80k,"SQL, Tableau, Deep Learning, Statistics, Python, Google Analytics","Dixon Ltd is hiring a Healthcare Data Analyst in Seattle, WA to work in Finance. Candidates should be skilled in SQL, Tableau, Deep Learning, Statistics, Python, Google Analytics with at least 5 years of experience. This is a Part-time position.",2025-01-06,Rolling
